air_waybill_number;date_of_sale;date_of_flight;flight_number;cargo_transportation_route;physical_weight;volume;volume_weight;paid_weight;currency_of_sale;air_fare;air_fare_1;rfs;rfs_1;total_amount;agency_commission;agency_commission_1;fees_total;myc;myc_1;type_of_cargo;transfer_point;product_code;additional_product_code;shc_code;inn;kpp;note;the_counterparty_to_the_inn_from_fwb
555-08530524;09.04.2025;09.04.2025;SU-1715;KHV-OMS;215,00;0,36;60,00;215,00;RUB;187,00;40205,00;0,00;0,00;40878,50;24,00;24,00;673,50;0,00;0,00;PROBYGRUNTA;SVO;100;;;2722041218;272201001;;"ООО""АВИА-КАРГОАГЕНТ"""
555-08530045;08.04.2025;09.04.2025;HZ-5616;VVO-PKC;204,00;1,47;245,00;245,00;RUB;163,00;39935,00;0,00;0,00;40695,50;24,00;24,00;760,50;0,00;0,00;CVETI;;450;;PEF;2502045954;250201001;;"ООО""АВИА-КАРГОЛогистик"""
555-08530550;08.04.2025;09.04.2025;HZ-5600;VVO-OVB;4,00;0,03;5,00;25,00;RUB;176,00;4400,00;0,00;0,00;4522,50;24,00;24,00;122,50;0,00;0,00;CV-URNASPR;KHV;430;;HUM;2502045954;250201001;;"ООО""АВИА-КАРГОЛогистик"""
555-08530701;10.04.2025;10.04.2025;FV-6902;VVO-SVO;596,00;1,42;236,67;596,00;RUB;119,00;70924,00;0,00;0,00;72702,40;24,00;24,00;1778,40;0,00;0,00;OBORUDTERM;KJA;100;;;2502045954;250201001;;"ООО""АВИА-КАРГОЛогистик"""
555-79767100;10.04.2025;11.04.2025;SU-5805;VVO-SVO;537,00;4,15;691,67;692,00;RUB;160,00;110720,00;0,00;0,00;112776,80;24,00;24,00;2056,80;0,00;0,00;TNP;;520;;XPS;2502045954;250201001;;"ООО""АВИА-КАРГОЛогистик"""
555-94593100;10.04.2025;11.04.2025;SU-5805;VVO-SVO;489,00;4,12;686,67;687,00;RUB;142,00;97554,00;0,00;0,00;99596,30;24,00;24,00;2042,30;0,00;0,00;TNP;;510;;XPS;2502045954;250201001;;"ООО""АВИА-КАРГОЛогистик"""
555-94593111;10.04.2025;11.04.2025;SU-5805;VVO-SVO;545,00;4,20;700,00;700,00;RUB;142,00;99400,00;0,00;0,00;101480,00;24,00;24,00;2080,00;0,00;0,00;TNP;;510;;XPS;2502045954;250201001;;"ООО""АВИА-КАРГОЛогистик"""
555-08530303;09.04.2025;11.04.2025;SU-5803;VVO-SVO;1580,00;15,30;2550,00;2550,00;RUB;177,00;451350,00;0,00;0,00;458795,00;24,00;24,00;7445,00;0,00;0,00;E-COM;;101;;ELI;2502045954;250201001;;"ООО""АВИА-КАРГОЛогистик"""
555-08530642;09.04.2025;11.04.2025;SU-5803;VVO-SVO;1085,00;11,00;1833,33;1833,50;RUB;177,00;324529,50;0,00;0,00;329896,65;24,00;24,00;5367,15;0,00;0,00;E-COM;;101;;ELI;2502045954;250201001;;"ООО""АВИА-КАРГОЛогистик"""
555-79766750;06.04.2025;07.04.2025;SU-1701;VVO-SVO;3,00;0,03;5,00;25,00;RUB;160,00;4000,00;0,00;0,00;4122,50;24,00;24,00;122,50;0,00;0,00;BIOLOGICHESKOE;;520;;SHL;2502045954;250201001;;"ООО""АВИА-КАРГОЛогистик"""
555-79766886;01.04.2025;02.04.2025;SU-1701;VVO-SVO;9,00;0,04;6,67;25,00;RUB;160,00;4000,00;0,00;0,00;4122,50;24,00;24,00;122,50;0,00;0,00;OBOI;;520;;XPS;2502045954;250201001;;"ООО""АВИА-КАРГОЛогистик"""
555-79765976;02.04.2025;03.04.2025;SU-5803;VVO-SVO;768,00;9,39;1565,00;1565,00;RUB;160,00;250400,00;0,00;0,00;254988,50;24,00;24,00;4588,50;0,00;0,00;DOKUMENTYOBORU;;520;;XPS;2502045954;250201001;;"ООО""АВИА-КАРГОЛогистик"""
555-79766735;08.04.2025;09.04.2025;SU-1701;VVO-SVO;958,00;9,55;1591,67;1592,00;RUB;160,00;254720,00;0,00;0,00;259386,80;24,00;24,00;4666,80;0,00;0,00;DOKUMOBORBOX;;520;;XPS;2502045954;250201001;;"ООО""АВИА-КАРГОЛогистик"""
555-79766746;08.04.2025;09.04.2025;SU-1701;VVO-SVO;81,00;0,60;100,00;100,00;RUB;160,00;16000,00;0,00;0,00;16340,00;24,00;24,00;340,00;0,00;0,00;ZAPCHASTIVL;;520;;XPS;2502045954;250201001;;"ООО""АВИА-КАРГОЛогистик"""
555-79766772;08.04.2025;09.04.2025;SU-1701;VVO-SVO;120,00;0,15;25,00;120,00;RUB;160,00;19200,00;0,00;0,00;19598,00;24,00;24,00;398,00;0,00;0,00;OBORUDTLKVL;;520;;XPS;2502045954;250201001;;"ООО""АВИА-КАРГОЛогистик"""
555-94592890;06.04.2025;07.04.2025;HZ-5612;KHV-GDX;119,00;0,85;141,67;142,00;RUB;222,00;31524,00;0,00;0,00;31985,80;24,00;24,00;461,80;0,00;0,00;BADI;;510;;EAT;2722041218;272201001;;"ООО""АВИА-КАРГОАГЕНТ"""
555-79764672;06.04.2025;07.04.2025;HZ-5684;KHV-PKC;176,00;1,20;200,00;200,00;RUB;233,00;46600,00;0,00;0,00;47230,00;24,00;24,00;630,00;0,00;0,00;BADY;;520;;EAT;2722041218;272201001;;"ООО""АВИА-КАРГОАГЕНТ"""
555-94592993;06.04.2025;07.04.2025;HZ-5612;KHV-GDX;64,00;0,41;68,33;68,50;RUB;222,00;15207,00;0,00;0,00;15455,65;24,00;24,00;248,65;0,00;0,00;BADY;;510;;EAT;2722041218;272201001;;"ООО""АВИА-КАРГОАГЕНТ"""
555-08530406;06.04.2025;08.04.2025;HZ-5614;VVO-PKC;26,00;0,05;8,33;26,00;RUB;143,00;3718,00;0,00;0,00;7868,40;24,00;24,00;4150,40;0,00;0,00;CVZAPCHASTI;;470;471;RMD;2502045954;250201001;;"ООО""АВИА-КАРГОЛогистик"""
555-79766584;06.04.2025;07.04.2025;HZ-5714;VVO-PKC;20,00;0,15;25,00;25,00;RUB;194,00;4850,00;0,00;0,00;4972,50;24,00;24,00;122,50;0,00;0,00;ZAPCHASTIVEK;;520;;XPS;2502045954;250201001;;"ООО""АВИА-КАРГОЛогистик"""
555-79766875;07.04.2025;08.04.2025;HZ-5614;VVO-PKC;53,00;0,08;13,33;53,00;RUB;194,00;10282,00;0,00;0,00;10485,70;24,00;24,00;203,70;0,00;0,00;PLENKA;;520;;XPS;2502045954;250201001;;"ООО""АВИА-КАРГОЛогистик"""
555-08530185;08.04.2025;09.04.2025;SU-1705;VVO-SVO;2655,00;25,33;4221,67;4222,00;RUB;177,00;747294,00;0,00;0,00;759587,80;24,00;24,00;12293,80;0,00;0,00;E-COM;;101;;ELI;2502045954;250201001;;"ООО""АВИА-КАРГОЛогистик"""
555-08530410;08.04.2025;09.04.2025;SU-1705;VVO-SVO;2802,00;27,87;4645,00;4645,00;RUB;177,00;822165,00;0,00;0,00;835685,50;24,00;24,00;13520,50;0,00;0,00;E-COM;;101;;ELI;2502045954;250201001;;"ООО""АВИА-КАРГОЛогистик"""
555-08530421;08.04.2025;09.04.2025;SU-5803;VVO-SVO;2792,00;26,07;4345,00;4345,00;RUB;177,00;769065,00;0,00;0,00;781715,50;24,00;24,00;12650,50;0,00;0,00;E-COM;;101;;ELI;2502045954;250201001;;"ООО""АВИА-КАРГОЛогистик"""
555-08530384;07.04.2025;08.04.2025;SU-1701;VVO-KGD;84,00;0,45;75,00;84,00;RUB;171,00;14364,00;0,00;0,00;14657,60;24,00;24,00;293,60;0,00;0,00;KHOZ.TOVARIG;SVO;100;;;2502045954;250201001;;"ООО""АВИА-КАРГОЛогистик"""
555-08530686;10.04.2025;11.04.2025;HZ-5600;VVO-KHV;32,00;0,16;26,67;32,00;RUB;58,00;1856,00;0,00;0,00;1998,80;24,00;24,00;142,80;0,00;0,00;CVDRAGOCHENME;;410;;VAL;2502045954;250201001;;"ООО""АВИА-КАРГОЛогистик"""
555-08530675;10.04.2025;11.04.2025;SU-1701;VVO-SVO;9,00;0,08;13,33;25,00;RUB;236,00;5900,00;0,00;0,00;6022,50;24,00;24,00;122,50;0,00;0,00;CVPECHATNAYPR;;410;;VAL;2502045954;250201001;;"ООО""АВИА-КАРГОЛогистик"""
555-79766982;10.04.2025;11.04.2025;SU-1701;VVO-SVO;661,00;6,00;1000,00;1000,00;RUB;160,00;160000,00;0,00;0,00;162950,00;24,00;24,00;2950,00;0,00;0,00;OBORUDBOX;;520;;XPS;2502045954;250201001;;"ООО""АВИА-КАРГОЛогистик"""
555-79766993;10.04.2025;11.04.2025;SU-1701;VVO-SVO;470,00;3,80;633,33;633,50;RUB;160,00;101360,00;0,00;0,00;103247,15;24,00;24,00;1887,15;0,00;0,00;TNP;;520;;XPS;2502045954;250201001;;"ООО""АВИА-КАРГОЛогистик"""
555-79767041;10.04.2025;11.04.2025;SU-1701;VVO-SVO;496,00;4,30;716,67;717,00;RUB;160,00;114720,00;0,00;0,00;116849,30;24,00;24,00;2129,30;0,00;0,00;TNP;;520;;XPS;2502045954;250201001;;"ООО""АВИА-КАРГОЛогистик"""
555-79767074;10.04.2025;11.04.2025;SU-1701;VVO-SVO;530,00;4,20;700,00;700,00;RUB;160,00;112000,00;0,00;0,00;114080,00;24,00;24,00;2080,00;0,00;0,00;TNP;;520;;XPS;2502045954;250201001;;"ООО""АВИА-КАРГОЛогистик"""
555-79767111;10.04.2025;11.04.2025;SU-1701;VVO-SVO;560,00;4,20;700,00;700,00;RUB;160,00;112000,00;0,00;0,00;114080,00;24,00;24,00;2080,00;0,00;0,00;TNP;;520;;XPS;2502045954;250201001;;"ООО""АВИА-КАРГОЛогистик"""
555-79767144;10.04.2025;11.04.2025;SU-1701;VVO-SVO;2,00;0,03;5,00;25,00;RUB;160,00;4000,00;0,00;0,00;4122,50;24,00;24,00;122,50;0,00;0,00;CV-BIOMATERIAL;;520;;;2502045954;250201001;;"ООО""АВИА-КАРГОЛогистик"""
555-79767170;10.04.2025;11.04.2025;SU-1701;VVO-SVO;3,00;0,03;5,00;25,00;RUB;160,00;4000,00;0,00;0,00;4122,50;24,00;24,00;122,50;0,00;0,00;CVBIOMATERIALY;;520;;;2502045954;250201001;;"ООО""АВИА-КАРГОЛогистик"""
555-79767262;10.04.2025;11.04.2025;SU-5803;VVO-SVO;15,00;0,05;8,33;25,00;RUB;160,00;4000,00;0,00;0,00;4122,50;24,00;24,00;122,50;0,00;0,00;CVPILKI;;520;;;2502045954;250201001;;"ООО""АВИА-КАРГОЛогистик"""
555-94593133;10.04.2025;11.04.2025;SU-1701;VVO-SVO;544,00;4,32;720,00;720,00;RUB;142,00;102240,00;0,00;0,00;104378,00;24,00;24,00;2138,00;0,00;0,00;TNP;;510;;XPS;2502045954;250201001;;"ООО""АВИА-КАРГОЛогистик"""
555-94593166;10.04.2025;11.04.2025;SU-5803;VVO-SVO;398,00;3,50;583,33;583,50;RUB;142,00;82857,00;0,00;0,00;84599,15;24,00;24,00;1742,15;0,00;0,00;TNP;;510;;XPS;2502045954;250201001;;"ООО""АВИА-КАРГОЛогистик"""
555-79767063;09.04.2025;10.04.2025;SU-1757;VVO-AER;18,00;0,20;33,33;33,50;RUB;221,00;7403,50;0,00;0,00;7550,65;24,00;24,00;147,15;0,00;0,00;ZAPCHAST-CV;SVO;520;;;2502045954;250201001;;"ООО""АВИА-КАРГОЛогистик"""
555-79766956;08.04.2025;09.04.2025;SU-1701;VVO-SVO;3,00;0,03;5,00;25,00;RUB;160,00;4000,00;0,00;0,00;4122,50;24,00;24,00;122,50;0,00;0,00;BIOMATERIAL;;520;;;2502045954;250201001;;"ООО""АВИА-КАРГОЛогистик"""
555-79766971;08.04.2025;09.04.2025;SU-1701;VVO-SVO;22,00;0,07;11,67;25,00;RUB;160,00;4000,00;0,00;0,00;4122,50;24,00;24,00;122,50;0,00;0,00;CV-BIOMATERIAL;;520;;;2502045954;250201001;;"ООО""АВИА-КАРГОЛогистик"""
555-08530211;10.04.2025;11.04.2025;SU-1727;VVO-SVO;5801,00;56,00;9333,33;9333,50;RUB;177,00;1652029,50;0,00;0,00;1679146,65;24,00;24,00;27117,15;0,00;0,00;E-COM;;101;;ELI;2502045954;250201001;;"ООО""АВИА-КАРГОЛогистик"""
555-79766901;10.04.2025;11.04.2025;SU-5805;VVO-SVO;540,00;4,10;683,33;683,50;RUB;160,00;109360,00;0,00;0,00;111392,15;24,00;24,00;2032,15;0,00;0,00;TNP;;520;;XPS;2502045954;250201001;;"ООО""АВИА-КАРГОЛогистик"""
555-79767192;10.04.2025;11.04.2025;SU-1727;VVO-KGD;102,00;0,43;71,67;102,00;RUB;231,00;23562,00;0,00;0,00;23907,80;24,00;24,00;345,80;0,00;0,00;LICHNVESHI-CV;SVO;520;;GDS;2502045954;250201001;;"ООО""АВИА-КАРГОЛогистик"""
555-94593122;10.04.2025;11.04.2025;SU-5805;VVO-SVO;576,00;4,00;666,67;667,00;RUB;142,00;94714,00;0,00;0,00;96698,30;24,00;24,00;1984,30;0,00;0,00;TNP;;510;;XPS;2502045954;250201001;;"ООО""АВИА-КАРГОЛогистик"""
555-08529931;03.04.2025;04.04.2025;SU-1701;VVO-DYR;85,00;0,50;83,33;85,00;RUB;426,00;36210,00;0,00;0,00;36506,50;24,00;24,00;296,50;0,00;0,00;OBORUDRTKOM;SVO;100;;;2502045954;250201001;;"ООО""АВИА-КАРГОЛогистик"""
555-08530476;08.04.2025;08.04.2025;SU-1715;KHV-LED;1,00;0,01;1,67;25,00;RUB;123,00;3075,00;0,00;0,00;3197,50;24,00;24,00;122,50;0,00;0,00;UGOLXNEAKTIV;SVO;100;;;2722041218;272201001;;"ООО""АВИА-КАРГОАГЕНТ"""
555-08530863;10.04.2025;11.04.2025;SU-1701;VVO-AER;7,00;0,10;16,67;25,00;RUB;333,00;8325,00;0,00;0,00;8447,50;24,00;24,00;122,50;0,00;0,00;KOSHKA-CV;SVO;420;;AVI;2502045954;250201001;;"ООО""АВИА-КАРГОЛогистик"""
555-08530535;09.04.2025;09.04.2025;SU-1715;KHV-SVO;166,00;0,72;120,00;166,00;RUB;120,00;19920,00;0,00;0,00;20451,40;24,00;24,00;531,40;0,00;0,00;OBORUDOWANIE;;100;;;2722041218;272201001;;"ООО""АВИА-КАРГОАГЕНТ"""
555-08530454;08.04.2025;08.04.2025;SU-1703;VVO-LED;159,00;0,06;10,00;159,00;RUB;157,00;24963,00;0,00;0,00;29499,10;24,00;24,00;4536,10;0,00;0,00;RMUN2912;SVO;470;471;RRY;2502045954;250201001;;"ООО""АВИА-КАРГОЛогистик"""
555-08530465;10.04.2025;11.04.2025;HZ-5644;VVO-SVO;221,00;0,40;66,67;221,00;RUB;123,00;27183,00;0,00;0,00;27873,90;24,00;24,00;690,90;0,00;0,00;PLASTIKYAR;KJA;100;;;2502045954;250201001;;"ООО""АВИА-КАРГОЛогистик"""
555-08530491;10.04.2025;11.04.2025;HZ-5644;VVO-SVO;218,00;2,16;360,00;360,00;RUB;121,00;43560,00;0,00;0,00;44654,00;24,00;24,00;1094,00;0,00;0,00;TNPBOX;KJA;100;;;2502045954;250201001;;"ООО""АВИА-КАРГОЛогистик"""
555-79766890;08.04.2025;09.04.2025;HZ-5680;VVO-UUS;13,00;0,15;25,00;25,00;RUB;107,00;2675,00;0,00;0,00;2797,50;24,00;24,00;122,50;0,00;0,00;OBORUDOWANBOX;;520;;XPS;2502045954;250201001;;"ООО""АВИА-КАРГОЛогистик"""
555-79766072;08.04.2025;09.04.2025;HZ-5684;KHV-PKC;197,00;1,03;171,67;197,00;RUB;233,00;45901,00;0,00;0,00;46522,30;24,00;24,00;621,30;0,00;0,00;BADY;;520;;EAT;2722041218;272201001;;"ООО""АВИА-КАРГОАГЕНТ"""
555-08530513;09.04.2025;09.04.2025;HZ-5628;KHV-UUS;4,00;0,04;6,67;25,00;RUB;79,00;1975,00;0,00;0,00;2097,50;24,00;24,00;122,50;0,00;0,00;ZAPCHASTI;;100;;;2722041218;272201001;;"ООО""АВИА-КАРГОАГЕНТ"""
555-79766315;09.04.2025;10.04.2025;HZ-5684;KHV-PKC;70,00;0,21;35,00;70,00;RUB;233,00;16310,00;0,00;0,00;16563,00;24,00;24,00;253,00;0,00;0,00;ZAPCHASTI;;520;;XPS;2722041218;272201001;;"ООО""АВИА-КАРГОАГЕНТ"""
555-79767052;09.04.2025;10.04.2025;HZ-5714;VVO-PKC;100,00;0,12;20,00;100,00;RUB;194,00;19400,00;0,00;0,00;19740,00;24,00;24,00;340,00;0,00;0,00;ZAPCHASTI;;520;;XPS;2502045954;250201001;;"ООО""АВИА-КАРГОЛогистик"""
555-79767203;09.04.2025;10.04.2025;HZ-5680;VVO-UUS;1,60;0,01;1,67;25,00;RUB;107,00;2675,00;0,00;0,00;2797,50;24,00;24,00;122,50;0,00;0,00;CV-ZAPCHASTI;;520;;;2502045954;250201001;;"ООО""АВИА-КАРГОЛогистик"""
555-79766212;09.04.2025;10.04.2025;HZ-5616;VVO-PKC;190,00;1,68;280,00;280,00;RUB;194,00;54320,00;0,00;0,00;55182,00;24,00;24,00;862,00;0,00;0,00;MEDIKAMENT;;520;;PIL;2502045954;250201001;;"ООО""АВИА-КАРГОЛогистик"""
555-79767085;09.04.2025;10.04.2025;HZ-5714;VVO-PKC;110,00;0,10;16,67;110,00;RUB;194,00;21340,00;0,00;0,00;21709,00;24,00;24,00;369,00;0,00;0,00;OBORUDOWANIETR;;520;;XPS;2502045954;250201001;;"ООО""АВИА-КАРГОЛогистик"""
555-08530874;10.04.2025;10.04.2025;HZ-5601;KHV-VVO;4,00;0,01;1,67;25,00;RUB;29,00;725,00;0,00;0,00;847,50;24,00;24,00;122,50;0,00;0,00;UGOLXNEAKTIW;;100;;;2722041218;272201001;;"ООО""АВИА-КАРГОАГЕНТ"""
555-08530852;10.04.2025;11.04.2025;HZ-5616;VVO-PKC;0,50;0,01;1,67;25,00;RUB;143,00;3575,00;0,00;0,00;3697,50;24,00;24,00;122,50;0,00;0,00;ELEKTRODMTS;;100;;;2502045954;250201001;;"ООО""АВИА-КАРГОЛогистик"""
555-79767181;10.04.2025;11.04.2025;HZ-5616;VVO-PKC;10,00;0,05;8,33;25,00;RUB;194,00;4850,00;0,00;0,00;4972,50;24,00;24,00;122,50;0,00;0,00;CV-IONNO-LITIEV;;520;;ELI;2502045954;250201001;;"ООО""АВИА-КАРГОЛогистик"""
555-79766595;09.04.2025;10.04.2025;HZ-5612;KHV-GDX;232,00;1,35;225,00;232,00;RUB;250,00;58000,00;0,00;0,00;58722,80;24,00;24,00;722,80;0,00;0,00;TEATRALNYJREKV;;520;;;2722041218;272201001;;"ООО""АВИА-КАРГОАГЕНТ"""
555-08530174;08.04.2025;09.04.2025;HZ-5644;VVO-SVO;327,00;3,32;553,33;553,50;RUB;119,00;65866,50;0,00;0,00;67521,65;24,00;24,00;1655,15;0,00;0,00;TNP;KJA;100;;;2502045954;250201001;;"ООО""АВИА-КАРГОЛогистик"""
555-08530572;09.04.2025;10.04.2025;SU-1701;VVO-SVO;250,00;0,74;123,33;250,00;RUB;236,00;59000,00;0,00;0,00;59775,00;24,00;24,00;775,00;0,00;0,00;CV-PECHATNAYAP;;410;;VAL;2502045954;250201001;;"ООО""АВИА-КАРГОЛогистик"""
555-79766820;09.04.2025;10.04.2025;SU-1701;VVO-SVO;462,00;4,80;800,00;800,00;RUB;160,00;128000,00;0,00;0,00;130370,00;24,00;24,00;2370,00;0,00;0,00;TNPBOX;;520;;XPS;2502045954;250201001;;"ООО""АВИА-КАРГОЛогистик"""
555-79766831;09.04.2025;10.04.2025;SU-1701;VVO-SVO;489,00;5,61;935,00;935,00;RUB;160,00;149600,00;0,00;0,00;152361,50;24,00;24,00;2761,50;0,00;0,00;TNPBOX;;520;;XPS;2502045954;250201001;;"ООО""АВИА-КАРГОЛогистик"""
555-79766842;09.04.2025;10.04.2025;SU-1701;VVO-SVO;95,00;0,38;63,33;95,00;RUB;160,00;15200,00;0,00;0,00;15525,50;24,00;24,00;325,50;0,00;0,00;ZAPCHASTINM;;520;;XPS;2502045954;250201001;;"ООО""АВИА-КАРГОЛогистик"""
555-79766853;09.04.2025;10.04.2025;SU-1701;VVO-SVO;70,00;0,65;108,33;108,50;RUB;160,00;17360,00;0,00;0,00;17724,65;24,00;24,00;364,65;0,00;0,00;ZAPCHASTIVL;;520;;XPS;2502045954;250201001;;"ООО""АВИА-КАРГОЛогистик"""
555-79767122;10.04.2025;10.04.2025;SU-1701;VVO-SVO;1,00;0,02;3,33;25,00;RUB;160,00;4000,00;0,00;0,00;4122,50;24,00;24,00;122,50;0,00;0,00;CVBIOMATERIAL;;520;;;2502045954;250201001;;"ООО""АВИА-КАРГОЛогистик"""
555-94593096;09.04.2025;10.04.2025;SU-1701;VVO-SVO;467,00;4,55;758,33;758,50;RUB;142,00;107707,00;0,00;0,00;109956,65;24,00;24,00;2249,65;0,00;0,00;TNP;;510;;XPS;2502045954;250201001;;"ООО""АВИА-КАРГОЛогистик"""
555-08530222;09.04.2025;10.04.2025;SU-1757;VVO-SVO;5979,00;57,00;9500,00;9500,00;RUB;177,00;1681500,00;0,00;0,00;1709100,00;24,00;24,00;27600,00;0,00;0,00;E-COM;;101;;ELI;2502045954;250201001;;"ООО""АВИА-КАРГОЛогистик"""
555-08530620;10.04.2025;11.04.2025;SU-1701;VVO-GSV;231,00;0,78;130,00;231,00;RUB;183,00;42273,00;0,00;0,00;42992,90;24,00;24,00;719,90;0,00;0,00;OBORUDSEIN;SVO;100;;;2502045954;250201001;;"ООО""АВИА-КАРГОЛогистик"""
555-08530690;10.04.2025;11.04.2025;SU-1701;VVO-CEK;21,00;0,16;26,67;27,00;RUB;173,00;4671,00;0,00;0,00;4799,30;24,00;24,00;128,30;0,00;0,00;PODOSHVI;SVO;100;;;2502045954;250201001;;"ООО""АВИА-КАРГОЛогистик"""
555-08530502;09.04.2025;10.04.2025;SU-5805;VVO-SVO;76,00;0,35;58,33;76,00;RUB;125,00;9500,00;0,00;0,00;9770,40;24,00;24,00;270,40;0,00;0,00;OBORUDTERM;;100;;;2502045954;250201001;;"ООО""АВИА-КАРГОЛогистик"""
555-08530546;09.04.2025;10.04.2025;SU-5805;VVO-SVO;2820,00;27,00;4500,00;4500,00;RUB;177,00;796500,00;0,00;0,00;809600,00;24,00;24,00;13100,00;0,00;0,00;E-COM;;101;;ELI;2502045954;250201001;;"ООО""АВИА-КАРГОЛогистик"""
555-79766934;09.04.2025;10.04.2025;SU-5805;VVO-SVO;503,00;3,86;643,33;643,50;RUB;160,00;102960,00;0,00;0,00;104876,15;24,00;24,00;1916,15;0,00;0,00;TNP;;520;;XPS;2502045954;250201001;;"ООО""АВИА-КАРГОЛогистик"""
555-79766945;10.04.2025;10.04.2025;SU-5805;VVO-SVO;509,00;3,96;660,00;660,00;RUB;160,00;105600,00;0,00;0,00;107564,00;24,00;24,00;1964,00;0,00;0,00;TNP;;520;;XPS;2502045954;250201001;;"ООО""АВИА-КАРГОЛогистик"""
555-79767030;09.04.2025;10.04.2025;SU-5805;VVO-SVO;469,00;3,88;646,67;647,00;RUB;160,00;103520,00;0,00;0,00;105446,30;24,00;24,00;1926,30;0,00;0,00;TNP;;520;;XPS;2502045954;250201001;;"ООО""АВИА-КАРГОЛогистик"""
555-94593052;09.04.2025;10.04.2025;SU-5805;VVO-SVO;446,00;4,08;680,00;680,00;RUB;142,00;96560,00;0,00;0,00;98582,00;24,00;24,00;2022,00;0,00;0,00;TNP;;510;;XPS;2502045954;250201001;;"ООО""АВИА-КАРГОЛогистик"""
555-79766912;09.04.2025;10.04.2025;SU-5803;VVO-SVO;467,00;3,90;650,00;650,00;RUB;160,00;104000,00;0,00;0,00;105935,00;24,00;24,00;1935,00;0,00;0,00;TNP;;520;;XPS;2502045954;250201001;;"ООО""АВИА-КАРГОЛогистик"""
555-94593063;09.04.2025;10.04.2025;SU-5803;VVO-SVO;513,00;5,05;841,67;842,00;RUB;142,00;119564,00;0,00;0,00;122055,80;24,00;24,00;2491,80;0,00;0,00;TNP;;510;;XPS;2502045954;250201001;;"ООО""АВИА-КАРГОЛогистик"""
555-94593074;09.04.2025;10.04.2025;SU-5803;VVO-SVO;489,00;4,85;808,33;808,50;RUB;142,00;114807,00;0,00;0,00;117201,65;24,00;24,00;2394,65;0,00;0,00;TNP;;510;;XPS;2502045954;250201001;;"ООО""АВИА-КАРГОЛогистик"""
555-94593085;09.04.2025;10.04.2025;SU-5803;VVO-SVO;447,00;4,17;695,00;695,00;RUB;142,00;98690,00;0,00;0,00;100755,50;24,00;24,00;2065,50;0,00;0,00;TNP;;510;;XPS;2502045954;250201001;;"ООО""АВИА-КАРГОЛогистик"""
555-08530432;08.04.2025;09.04.2025;HZ-5600;VVO-SVO;431,00;2,64;440,00;440,00;RUB;121,00;53240,00;0,00;0,00;54566,00;24,00;24,00;1326,00;0,00;0,00;OBORUDTERM;KHV;100;;;2502045954;250201001;;"ООО""АВИА-КАРГОЛогистик"""
555-08530480;08.04.2025;08.04.2025;HZ-5601;KHV-VVO;8,00;0,02;3,33;25,00;RUB;29,00;725,00;0,00;0,00;847,50;24,00;24,00;122,50;0,00;0,00;UGOLXNEAKTIV;;100;;;2722041218;272201001;;"ООО""АВИА-КАРГОАГЕНТ"""
555-79766374;07.04.2025;08.04.2025;HZ-5680;VVO-UUS;457,00;3,54;590,00;590,00;RUB;107,00;63130,00;0,00;0,00;64891,00;24,00;24,00;1761,00;0,00;0,00;ODEJDALAM;;520;;XPS;2502045954;250201001;;"ООО""АВИА-КАРГОЛогистик"""
555-08529776;07.04.2025;08.04.2025;HZ-5644;VVO-SVO;522,00;2,34;390,00;522,00;RUB;119,00;62118,00;0,00;0,00;63681,80;24,00;24,00;1563,80;0,00;0,00;ODEJDAGREEN;KJA;100;;;2502045954;250201001;;"ООО""АВИА-КАРГОЛогистик"""
555-08529835;09.04.2025;10.04.2025;HZ-5648;VVO-SVO;363,00;4,02;670,00;670,00;RUB;119,00;79730,00;0,00;0,00;81723,00;24,00;24,00;1993,00;0,00;0,00;TNPBOX;KJA;100;;;2502045954;250201001;;"ООО""АВИА-КАРГОЛогистик"""
555-08529113;01.04.2025;02.04.2025;HZ-5616;VVO-PKC;240,00;1,60;266,67;267,00;RUB;148,00;39516,00;0,00;0,00;40340,30;24,00;24,00;824,30;0,00;0,00;FARMA;;460;;PIL;2502045954;250201001;;"ООО""АВИА-КАРГОЛогистик"""
555-08529231;01.04.2025;01.04.2025;HZ-5601;KHV-VVO;1,00;0,01;1,67;25,00;RUB;29,00;725,00;0,00;0,00;847,50;24,00;24,00;122,50;0,00;0,00;DOCUMENTY;;100;;;2722041218;272201001;;"ООО""АВИА-КАРГОАГЕНТ"""
555-08529334;03.04.2025;04.04.2025;HZ-5624;KHV-UUS;70,00;0,24;40,00;70,00;RUB;79,00;5530,00;0,00;0,00;5783,00;24,00;24,00;253,00;0,00;0,00;KERAMOGRANIT;;100;;;2722041218;272201001;;"ООО""АВИА-КАРГОАГЕНТ"""
555-08529371;02.04.2025;03.04.2025;SU-5803;VVO-SVO;1849,00;12,12;2020,00;2020,00;RUB;177,00;357540,00;0,00;0,00;363448,00;24,00;24,00;5908,00;0,00;0,00;SWETILXNIKITER;;101;;;2502045954;250201001;;"ООО""АВИА-КАРГОЛогистик"""
555-08529393;03.04.2025;04.04.2025;SU-5807;KHV-DYR;19,00;0,11;18,33;25,00;RUB;426,00;10650,00;0,00;0,00;10772,50;24,00;24,00;122,50;0,00;0,00;ZAPCHASTI;SVO;100;;;2502045954;250201001;;"ООО""АВИА-КАРГОЛогистик"""
555-08529430;01.04.2025;02.04.2025;HZ-5616;VVO-PKC;140,00;1,10;183,33;183,50;RUB;163,00;29910,50;0,00;0,00;30492,65;24,00;24,00;582,15;0,00;0,00;CVETI;;450;;PEF;2502045954;250201001;;"ООО""АВИА-КАРГОЛогистик"""
555-08529566;03.04.2025;04.04.2025;SU-1701;VVO-SVO;2911,00;24,60;4100,00;4100,00;RUB;177,00;725700,00;0,00;0,00;737640,00;24,00;24,00;11940,00;0,00;0,00;CVE-COM;;101;;ELI;2502045954;250201001;;"ООО""АВИА-КАРГОЛогистик"""
555-08529614;01.04.2025;02.04.2025;SU-1705;VVO-SVO;2150,00;18,01;3001,67;3002,00;RUB;177,00;531354,00;0,00;0,00;540109,80;24,00;24,00;8755,80;0,00;0,00;E-COM;;101;;ELI;2502045954;250201001;;"ООО""АВИА-КАРГОЛогистик"""
555-08529625;01.04.2025;02.04.2025;SU-5803;VVO-SVO;3001,00;29,80;4966,67;4967,00;RUB;177,00;879159,00;0,00;0,00;893613,30;24,00;24,00;14454,30;0,00;0,00;E-COM;;101;;ELI;2502045954;250201001;;"ООО""АВИА-КАРГОЛогистик"""
555-08529640;01.04.2025;02.04.2025;SU-1701;VVO-SVO;2691,00;25,50;4250,00;4250,00;RUB;177,00;752250,00;0,00;0,00;764625,00;24,00;24,00;12375,00;0,00;0,00;E-COM;;101;;ELI;2502045954;250201001;;"ООО""АВИА-КАРГОЛогистик"""
555-08529651;01.04.2025;02.04.2025;HZ-5644;VVO-SVO;430,00;4,00;666,67;667,00;RUB;119,00;79373,00;0,00;0,00;81357,30;24,00;24,00;1984,30;0,00;0,00;TNPBOX;KJA;100;;;2502045954;250201001;;"ООО""АВИА-КАРГОЛогистик"""
555-08529673;01.04.2025;02.04.2025;SU-1705;VVO-SVO;1392,00;10,00;1666,67;1667,00;RUB;177,00;295059,00;0,00;0,00;299943,30;24,00;24,00;4884,30;0,00;0,00;E-COM;;101;;;2502045954;250201001;;"ООО""АВИА-КАРГОЛогистик"""
555-08529684;02.04.2025;03.04.2025;SU-1757;VVO-SVO;4798,00;47,63;7938,33;7938,50;RUB;177,00;1405114,50;0,00;0,00;1428186,15;24,00;24,00;23071,65;0,00;0,00;E-COM;;101;;ELI;2502045954;250201001;;"ООО""АВИА-КАРГОЛогистик"""
555-08529710;03.04.2025;04.04.2025;SU-1727;VVO-SVO;2989,00;29,50;4916,67;4917,00;RUB;177,00;870309,00;0,00;0,00;884618,30;24,00;24,00;14309,30;0,00;0,00;CVE-COM;;101;;ELI;2502045954;250201001;;"ООО""АВИА-КАРГОЛогистик"""
555-08529765;01.04.2025;03.04.2025;HZ-5648;VVO-SVO;497,00;1,01;168,33;497,00;RUB;121,00;60137,00;0,00;0,00;61628,30;24,00;24,00;1491,30;0,00;0,00;OBORUDOWANIEVL;KJA;100;;;2502045954;250201001;;"ООО""АВИА-КАРГОЛогистик"""
555-08529780;04.04.2025;05.04.2025;FV-6252;VVO-SVO;3036,00;29,01;4835,00;4835,00;RUB;177,00;855795,00;0,00;0,00;869866,50;24,00;24,00;14071,50;0,00;0,00;E-COM;;101;;ELI;2502045954;250201001;;"ООО""АВИА-КАРГОЛогистик"""
555-08529791;04.04.2025;05.04.2025;SU-5803;VVO-SVO;2225,00;19,00;3166,67;3167,00;RUB;177,00;560559,00;0,00;0,00;569793,30;24,00;24,00;9234,30;0,00;0,00;E-COM;;101;;ELI;2502045954;250201001;;"ООО""АВИА-КАРГОЛогистик"""
555-08529802;01.04.2025;02.04.2025;HZ-5602;VVO-SVO;260,00;1,00;166,67;260,00;RUB;123,00;31980,00;0,00;0,00;32784,00;24,00;24,00;804,00;0,00;0,00;OBORUDOWEKS;KHV;100;;;2502045954;250201001;;"ООО""АВИА-КАРГОЛогистик"""
555-08529813;01.04.2025;02.04.2025;SU-1705;VVO-OMS;450,00;0,69;115,00;450,00;RUB;243,00;109350,00;0,00;0,00;110705,00;24,00;24,00;1355,00;0,00;0,00;PROBIGRUNTA;SVO;450;;;2502045954;250201001;;"ООО""АВИА-КАРГОЛогистик"""
555-08529824;03.04.2025;04.04.2025;SU-1727;VVO-SVO;3103,00;28,50;4750,00;4750,00;RUB;177,00;840750,00;0,00;0,00;854575,00;24,00;24,00;13825,00;0,00;0,00;CVE-COM;;101;;ELI;2502045954;250201001;;"ООО""АВИА-КАРГОЛогистик"""
555-08529846;01.04.2025;02.04.2025;SU-1701;VVO-SVO;4,00;0,02;3,33;25,00;RUB;236,00;5900,00;0,00;0,00;6022,50;24,00;24,00;122,50;0,00;0,00;CVURNASPRAKH;;430;;HUM;2502045954;250201001;;"ООО""АВИА-КАРГОЛогистик"""
555-08529850;01.04.2025;02.04.2025;HZ-5632;VVO-GDX;3,00;0,01;1,67;25,00;RUB;214,00;5350,00;0,00;0,00;5472,50;24,00;24,00;122,50;0,00;0,00;BOLTY;;100;;;2502045954;250201001;;"ООО""АВИА-КАРГОЛогистик"""
555-08529861;01.04.2025;02.04.2025;SU-1701;VVO-SVO;11,00;0,04;6,67;25,00;RUB;125,00;3125,00;0,00;0,00;7272,50;24,00;24,00;4147,50;0,00;0,00;NEFT;;470;471;RFL;2502045954;250201001;;"ООО""АВИА-КАРГОЛогистик"""
555-08529872;02.04.2025;03.04.2025;SU-1757;VVO-STW;116,00;0,34;56,67;116,00;RUB;173,00;20068,00;0,00;0,00;20454,40;24,00;24,00;386,40;0,00;0,00;OBORUDOWANIE;SVO;100;;;2502045954;250201001;;"ООО""АВИА-КАРГОЛогистик"""
555-08529883;04.04.2025;05.04.2025;SU-1701;VVO-SVO;3148,00;27,11;4518,33;4518,50;RUB;177,00;799774,50;0,00;0,00;812928,15;24,00;24,00;13153,65;0,00;0,00;E-COM;;101;;ELI;2502045954;250201001;;"ООО""АВИА-КАРГОЛогистик"""
555-08529894;03.04.2025;04.04.2025;SU-1701;VVO-GOJ;16,00;0,02;3,33;25,00;RUB;171,00;4275,00;0,00;0,00;4397,50;24,00;24,00;122,50;0,00;0,00;GOSOBORON;SVO;100;;;2502045954;250201001;;"ООО""АВИА-КАРГОЛогистик"""
555-08529905;03.04.2025;04.04.2025;SU-1701;VVO-CSY;7,00;0,04;6,67;25,00;RUB;206,00;5150,00;0,00;0,00;5272,50;24,00;24,00;122,50;0,00;0,00;GOSOBORON;SVO;100;;;2502045954;250201001;;"ООО""АВИА-КАРГОЛогистик"""
555-08529916;03.04.2025;04.04.2025;SU-1701;VVO-SKX;2,00;0,01;1,67;25,00;RUB;162,00;4050,00;0,00;0,00;4172,50;24,00;24,00;122,50;0,00;0,00;GOSOBORON;SVO;100;;;2502045954;250201001;;"ООО""АВИА-КАРГОЛогистик"""
555-08529920;03.04.2025;05.04.2025;HZ-5632;VVO-GDX;75,00;0,50;83,33;83,50;RUB;214,00;17869,00;0,00;0,00;18161,15;24,00;24,00;292,15;0,00;0,00;OBORUDRTKOM;;100;;;2502045954;250201001;;"ООО""АВИА-КАРГОЛогистик"""
555-08529942;03.04.2025;04.04.2025;HZ-5644;VVO-SVO;369,00;3,62;603,33;603,50;RUB;119,00;71816,50;0,00;0,00;73616,65;24,00;24,00;1800,15;0,00;0,00;TNPBOX;KJA;100;;;2502045954;250201001;;"ООО""АВИА-КАРГОЛогистик"""
555-08529953;04.04.2025;05.04.2025;HZ-5644;VVO-SVO;290,00;3,04;506,67;507,00;RUB;119,00;60333,00;0,00;0,00;61853,30;24,00;24,00;1520,30;0,00;0,00;TNPBOX;KJA;100;;;2502045954;250201001;;"ООО""АВИА-КАРГОЛогистик"""
555-08529964;06.04.2025;07.04.2025;SU-1705;VVO-SVO;6210,00;56,00;9333,33;9333,50;RUB;177,00;1652029,50;0,00;0,00;1679146,65;24,00;24,00;27117,15;0,00;0,00;E-COM;;101;;ELI;2502045954;250201001;;"ООО""АВИА-КАРГОЛогистик"""
555-08529975;07.04.2025;08.04.2025;SU-1703;VVO-SVO;2775,00;29,50;4916,67;4917,00;RUB;177,00;870309,00;0,00;0,00;884618,30;24,00;24,00;14309,30;0,00;0,00;E-COM;;101;;ELI;2502045954;250201001;;"ООО""АВИА-КАРГОЛогистик"""
555-08529986;07.04.2025;08.04.2025;SU-5805;VVO-SVO;1300,00;9,68;1613,33;1613,50;RUB;177,00;285589,50;0,00;0,00;290318,65;24,00;24,00;4729,15;0,00;0,00;E-COM;;101;;;2502045954;250201001;;"ООО""АВИА-КАРГОЛогистик"""
555-08529990;06.04.2025;07.04.2025;SU-1701;VVO-SVO;2598,00;24,50;4083,33;4083,50;RUB;177,00;722779,50;0,00;0,00;734671,65;24,00;24,00;11892,15;0,00;0,00;E-COM;;101;;ELI;2502045954;250201001;;"ООО""АВИА-КАРГОЛогистик"""
555-08530001;05.04.2025;06.04.2025;SU-1755;VVO-SVO;3026,00;29,50;4916,67;4917,00;RUB;177,00;870309,00;0,00;0,00;884618,30;24,00;24,00;14309,30;0,00;0,00;E-COM;;101;;ELI;2502045954;250201001;;"ООО""АВИА-КАРГОЛогистик"""
555-08530012;02.04.2025;03.04.2025;SU-1701;VVO-SVO;258,00;0,94;156,67;258,00;RUB;236,00;60888,00;0,00;0,00;61686,20;24,00;24,00;798,20;0,00;0,00;CV-PECHATNPROD;;410;;VAL;2502045954;250201001;;"ООО""АВИА-КАРГОЛогистик"""
555-08530023;03.04.2025;05.04.2025;HZ-5632;VVO-GDX;1,00;0,01;1,67;25,00;RUB;214,00;5350,00;0,00;0,00;5472,50;24,00;24,00;122,50;0,00;0,00;ZAPCHASTX;;100;;;2502045954;250201001;;"ООО""АВИА-КАРГОЛогистик"""
555-08530034;03.04.2025;04.04.2025;SU-1701;VVO-SVO;85,00;0,80;133,33;133,50;RUB;177,00;23629,50;0,00;0,00;24066,65;24,00;24,00;437,15;0,00;0,00;CVMETIZY;;101;;;2502045954;250201001;;"ООО""АВИА-КАРГОЛогистик"""
555-08530056;03.04.2025;04.04.2025;SU-1701;VVO-SVO;2,90;0,07;11,67;25,00;RUB;236,00;5900,00;0,00;0,00;6022,50;24,00;24,00;122,50;0,00;0,00;CVPECHATNAYPR;;410;;VAL;2502045954;250201001;;"ООО""АВИА-КАРГОЛогистик"""
555-08530060;03.04.2025;04.04.2025;SU-1727;VVO-OMS;385,00;1,50;250,00;385,00;RUB;223,00;85855,00;0,00;0,00;87021,50;24,00;24,00;1166,50;0,00;0,00;OBORUDSIB;SVO;470;;ELI;2502045954;250201001;;"ООО""АВИА-КАРГОЛогистик"""
555-08530071;03.04.2025;04.04.2025;HZ-5644;VVO-SVO;86,00;0,20;33,33;86,00;RUB;125,00;10750,00;0,00;0,00;11049,40;24,00;24,00;299,40;0,00;0,00;TKANXRUS;KJA;100;;;2502045954;250201001;;"ООО""АВИА-КАРГОЛогистик"""
555-08530082;04.04.2025;05.04.2025;HZ-5602;VVO-SVO;289,00;3,12;520,00;520,00;RUB;119,00;61880,00;0,00;0,00;63438,00;24,00;24,00;1558,00;0,00;0,00;TNPBOX;KHV;100;;;2502045954;250201001;;"ООО""АВИА-КАРГОЛогистик"""
555-08530093;03.04.2025;04.04.2025;SU-1701;VVO-SVO;10,00;0,03;5,00;25,00;RUB;125,00;3125,00;0,00;0,00;3247,50;24,00;24,00;122,50;0,00;0,00;IMPLANTIPLT;;100;;;2502045954;250201001;;"ООО""АВИА-КАРГОЛогистик"""
555-08530104;03.04.2025;04.04.2025;HZ-5616;VVO-PKC;0,10;0,01;1,67;25,00;RUB;143,00;3575,00;0,00;0,00;3697,50;24,00;24,00;122,50;0,00;0,00;ZAPCHASTI;;100;;;2502045954;250201001;;"ООО""АВИА-КАРГОЛогистик"""
555-08530115;03.04.2025;04.04.2025;HZ-5680;VVO-UUS;4,00;0,02;3,33;25,00;RUB;79,00;1975,00;0,00;0,00;2097,50;24,00;24,00;122,50;0,00;0,00;TEKSTILX;;100;;;2502045954;250201001;;"ООО""АВИА-КАРГОЛогистик"""
555-08530126;07.04.2025;08.04.2025;SU-1701;VVO-SVO;2658,00;26,80;4466,67;4467,00;RUB;177,00;790659,00;0,00;0,00;803663,30;24,00;24,00;13004,30;0,00;0,00;E-COM;;101;;ELI;2502045954;250201001;;"ООО""АВИА-КАРГОЛогистик"""
555-08530141;03.04.2025;04.04.2025;SU-1701;VVO-SVO;94,00;0,77;128,33;128,50;RUB;241,00;30968,50;0,00;0,00;31391,15;24,00;24,00;422,65;0,00;0,00;LIVEDOG;;420;;AVI;2502045954;250201001;;"ООО""АВИА-КАРГОЛогистик"""
555-08530152;05.04.2025;06.04.2025;SU-1701;VVO-SVO;729,00;5,32;886,67;887,00;RUB;139,00;123293,00;0,00;0,00;125915,30;24,00;24,00;2622,30;0,00;0,00;AROMOCAPSTAGL;;450;;CRT;2502045954;250201001;;"ООО""АВИА-КАРГОЛогистик"""
555-08530163;04.04.2025;05.04.2025;HZ-5644;VVO-SVO;90,00;0,25;41,67;90,00;RUB;145,00;13050,00;0,00;0,00;13361,00;24,00;24,00;311,00;0,00;0,00;BADYBEG;KJA;450;;EAT;2502045954;250201001;;"ООО""АВИА-КАРГОЛогистик"""
555-08530196;04.04.2025;05.04.2025;HZ-5644;VVO-KJA;6,60;0,08;13,33;25,00;RUB;94,00;2350,00;0,00;0,00;2472,50;24,00;24,00;122,50;0,00;0,00;CV-IZDELIYA;;100;;;2502045954;250201001;;"ООО""АВИА-КАРГОЛогистик"""
555-08530200;05.04.2025;06.04.2025;SU-5803;VVO-SVO;1715,00;13,50;2250,00;2250,00;RUB;177,00;398250,00;0,00;0,00;404825,00;24,00;24,00;6575,00;0,00;0,00;E-COM;;101;;ELI;2502045954;250201001;;"ООО""АВИА-КАРГОЛогистик"""
555-08530233;06.04.2025;07.04.2025;SU-5803;VVO-SVO;3084,00;22,15;3691,67;3692,00;RUB;177,00;653484,00;0,00;0,00;664240,80;24,00;24,00;10756,80;0,00;0,00;E-COMGR;;101;;ELI;2502045954;250201001;;"ООО""АВИА-КАРГОЛогистик"""
555-08530244;04.04.2025;05.04.2025;HZ-5644;VVO-LED;75,00;0,05;8,33;75,00;RUB;157,00;11775,00;0,00;0,00;12042,50;24,00;24,00;267,50;0,00;0,00;OBORUDOWANIE;KJA;100;;;2502045954;250201001;;"ООО""АВИА-КАРГОЛогистик"""
555-08530255;05.04.2025;06.04.2025;SU-5807;KHV-KGD;45,00;0,08;13,33;45,00;RUB;156,00;7020,00;0,00;0,00;7200,50;24,00;24,00;180,50;0,00;0,00;MOREPRODUKTY;SVO;450;;FRI;2722041218;272201001;;"ООО""АВИА-КАРГОАГЕНТ"""
555-08530266;05.04.2025;06.04.2025;SU-5807;KHV-KGD;136,00;0,29;48,33;136,00;RUB;156,00;21216,00;0,00;0,00;21660,40;24,00;24,00;444,40;0,00;0,00;MOREPRODUKTY;SVO;450;;FRI;2722041218;272201001;;"ООО""АВИА-КАРГОАГЕНТ"""
555-08530292;05.04.2025;06.04.2025;HZ-5644;VVO-SVO;118,00;0,60;100,00;118,00;RUB;123,00;14514,00;0,00;0,00;14906,20;24,00;24,00;392,20;0,00;0,00;ZAPCHASTI;KJA;100;;;2502045954;250201001;;"ООО""АВИА-КАРГОЛогистик"""
555-08530314;05.04.2025;05.04.2025;SU-1715;KHV-DYR;237,00;0,49;81,67;237,00;RUB;426,00;100962,00;0,00;0,00;101699,30;24,00;24,00;737,30;0,00;0,00;ZAPCHASTX;SVO;100;;;2722041218;272201001;;"ООО""АВИА-КАРГОАГЕНТ"""
555-08530325;07.04.2025;08.04.2025;SU-1701;VVO-SVO;52,00;0,55;91,67;92,00;RUB;125,00;11500,00;0,00;0,00;11816,80;24,00;24,00;316,80;0,00;0,00;PRIBORIMMK;;100;;;2502045954;250201001;;"ООО""АВИА-КАРГОЛогистик"""
555-08530336;05.04.2025;06.04.2025;SU-1755;VVO-SVO;2866,00;28,50;4750,00;4750,00;RUB;177,00;840750,00;0,00;0,00;854575,00;24,00;24,00;13825,00;0,00;0,00;E-COM;;101;;ELI;2502045954;250201001;;"ООО""АВИА-КАРГОЛогистик"""
555-08530340;05.04.2025;05.04.2025;SU-1715;KHV-LED;6,00;0,05;8,33;25,00;RUB;123,00;3075,00;0,00;0,00;3197,50;24,00;24,00;122,50;0,00;0,00;ZAPCHASTI;SVO;100;;;2722041218;272201001;;"ООО""АВИА-КАРГОАГЕНТ"""
555-08530351;05.04.2025;05.04.2025;HZ-5624;KHV-UUS;47,00;0,10;16,67;47,00;RUB;79,00;3713,00;0,00;0,00;3899,30;24,00;24,00;186,30;0,00;0,00;ZAPCHASTI;;100;;;2722041218;272201001;;"ООО""АВИА-КАРГОАГЕНТ"""
555-08530362;05.04.2025;06.04.2025;HZ-5644;VVO-SVO;27,00;0,20;33,33;33,50;RUB;125,00;4187,50;0,00;0,00;4334,65;24,00;24,00;147,15;0,00;0,00;OBORUDSIB;KJA;100;;;2502045954;250201001;;"ООО""АВИА-КАРГОЛогистик"""
555-08530373;05.04.2025;05.04.2025;HZ-5601;KHV-VVO;4,00;0,02;3,33;25,00;RUB;29,00;725,00;0,00;0,00;847,50;24,00;24,00;122,50;0,00;0,00;UGOLXNEAKTIW;;100;;;2722041218;272201001;;"ООО""АВИА-КАРГОАГЕНТ"""
555-08530395;06.04.2025;07.04.2025;SU-1701;VVO-SVO;20,00;0,10;16,67;25,00;RUB;177,00;4425,00;0,00;0,00;4547,50;24,00;24,00;122,50;0,00;0,00;ODEZHDA-CV;;101;;;2502045954;250201001;;"ООО""АВИА-КАРГОЛогистик"""
555-08530443;07.04.2025;08.04.2025;SU-1703;VVO-SVO;2191,00;18,99;3165,00;3165,00;RUB;177,00;560205,00;0,00;0,00;569433,50;24,00;24,00;9228,50;0,00;0,00;E-COM;;101;;ELI;2502045954;250201001;;"ООО""АВИА-КАРГОЛогистик"""
555-79764624;04.04.2025;05.04.2025;HZ-5684;KHV-PKC;215,00;1,30;216,67;217,00;RUB;233,00;50561,00;0,00;0,00;51240,30;24,00;24,00;679,30;0,00;0,00;BADY;;520;;EAT;2722041218;272201001;;"ООО""АВИА-КАРГОАГЕНТ"""
555-79764764;01.04.2025;02.04.2025;SU-5803;VVO-SVO;500,00;3,22;536,67;537,00;RUB;160,00;85920,00;0,00;0,00;87527,30;24,00;24,00;1607,30;0,00;0,00;TNPBOX;;520;;XPS;2502045954;250201001;;"ООО""АВИА-КАРГОЛогистик"""
555-79765556;04.04.2025;05.04.2025;SU-5803;VVO-SVO;1818,00;12,58;2096,67;2097,00;RUB;160,00;335520,00;0,00;0,00;341651,30;24,00;24,00;6131,30;0,00;0,00;OBORUD;;520;;XPS;2502045954;250201001;;"ООО""АВИА-КАРГОЛогистик"""
555-79765593;03.04.2025;04.04.2025;SU-1701;VVO-SVO;1180,00;9,78;1630,00;1630,00;RUB;160,00;260800,00;0,00;0,00;265577,00;24,00;24,00;4777,00;0,00;0,00;OBORUDGRIF;;520;;XPS;2502045954;250201001;;"ООО""АВИА-КАРГОЛогистик"""
555-79765792;03.04.2025;04.04.2025;SU-5803;VVO-SVO;899,00;5,76;960,00;960,00;RUB;160,00;153600,00;0,00;0,00;156434,00;24,00;24,00;2834,00;0,00;0,00;INTERAKTIVPA;;520;;XPS;2502045954;250201001;;"ООО""АВИА-КАРГОЛогистик"""
555-79765873;04.04.2025;05.04.2025;HZ-5616;VVO-PKC;201,00;1,50;250,00;250,00;RUB;194,00;48500,00;0,00;0,00;49275,00;24,00;24,00;775,00;0,00;0,00;MEDIKAMENTYFAS;;520;;PIL;2502045954;250201001;;"ООО""АВИА-КАРГОЛогистик"""
555-79765943;02.04.2025;03.04.2025;SU-1701;VVO-SVO;1482,00;13,59;2265,00;2265,00;RUB;160,00;362400,00;0,00;0,00;369018,50;24,00;24,00;6618,50;0,00;0,00;OBORUDGRIF;;520;;XPS;2502045954;250201001;;"ООО""АВИА-КАРГОЛогистик"""
555-79765954;03.04.2025;04.04.2025;SU-5803;VVO-SVO;860,00;7,00;1166,67;1167,00;RUB;160,00;186720,00;0,00;0,00;190154,30;24,00;24,00;3434,30;0,00;0,00;OBORUDGRIF;;520;;XPS;2502045954;250201001;;"ООО""АВИА-КАРГОЛогистик"""
555-79765965;02.04.2025;03.04.2025;SU-5805;VVO-SVO;981,00;7,49;1248,33;1248,50;RUB;160,00;199760,00;0,00;0,00;203430,65;24,00;24,00;3670,65;0,00;0,00;OBORUDGRIF;;520;;XPS;2502045954;250201001;;"ООО""АВИА-КАРГОЛогистик"""
555-79765991;01.04.2025;02.04.2025;SU-1705;VVO-SVO;80,00;0,25;41,67;80,00;RUB;160,00;12800,00;0,00;0,00;13082,00;24,00;24,00;282,00;0,00;0,00;ZAPCHASTIVL;;520;;XPS;2502045954;250201001;;"ООО""АВИА-КАРГОЛогистик"""
555-79766013;02.04.2025;03.04.2025;SU-1701;VVO-SVO;62,00;0,17;28,33;62,00;RUB;160,00;9920,00;0,00;0,00;10149,80;24,00;24,00;229,80;0,00;0,00;ZAPCHASTINM;;520;;XPS;2502045954;250201001;;"ООО""АВИА-КАРГОЛогистик"""
555-79766024;02.04.2025;03.04.2025;SU-1701;VVO-SVO;74,00;0,27;45,00;74,00;RUB;160,00;11840,00;0,00;0,00;12104,60;24,00;24,00;264,60;0,00;0,00;ZAPCHASTIVL;;520;;XPS;2502045954;250201001;;"ООО""АВИА-КАРГОЛогистик"""
555-79766035;02.04.2025;03.04.2025;SU-1701;VVO-SVO;995,00;10,42;1736,67;1737,00;RUB;160,00;277920,00;0,00;0,00;283007,30;24,00;24,00;5087,30;0,00;0,00;TNPBOX;;520;;XPS;2502045954;250201001;;"ООО""АВИА-КАРГОЛогистик"""
555-79766046;03.04.2025;04.04.2025;SU-5805;VVO-SVO;1132,00;12,76;2126,67;2127,00;RUB;160,00;340320,00;0,00;0,00;346538,30;24,00;24,00;6218,30;0,00;0,00;TNPBOX;;520;;XPS;2502045954;250201001;;"ООО""АВИА-КАРГОЛогистик"""
555-79766050;04.04.2025;05.04.2025;SU-1701;VVO-SVO;23,00;0,08;13,33;25,00;RUB;160,00;4000,00;0,00;0,00;4122,50;24,00;24,00;122,50;0,00;0,00;ZAPCHASTINM;;520;;XPS;2502045954;250201001;;"ООО""АВИА-КАРГОЛогистик"""
555-79766061;04.04.2025;05.04.2025;SU-1701;VVO-SVO;1300,00;10,50;1750,00;1750,00;RUB;160,00;280000,00;0,00;0,00;285125,00;24,00;24,00;5125,00;0,00;0,00;OBORUD;;520;;XPS;2502045954;250201001;;"ООО""АВИА-КАРГОЛогистик"""
555-79766083;04.04.2025;05.04.2025;HZ-5684;KHV-PKC;127,00;1,04;173,33;173,50;RUB;233,00;40425,50;0,00;0,00;40978,65;24,00;24,00;553,15;0,00;0,00;BADY;;520;;EAT;2722041218;272201001;;"ООО""АВИА-КАРГОАГЕНТ"""
555-79766094;01.04.2025;02.04.2025;HZ-5684;KHV-PKC;115,00;0,67;111,67;115,00;RUB;233,00;26795,00;0,00;0,00;27178,50;24,00;24,00;383,50;0,00;0,00;BADY;;520;;EAT;2722041218;272201001;;"ООО""АВИА-КАРГОАГЕНТ"""
555-79766105;05.04.2025;06.04.2025;SU-5805;VVO-SVO;225,00;1,50;250,00;250,00;RUB;160,00;40000,00;0,00;0,00;40775,00;24,00;24,00;775,00;0,00;0,00;ZAPCHASTIVL;;520;;XPS;2502045954;250201001;;"ООО""АВИА-КАРГОЛогистик"""
555-79766116;01.04.2025;02.04.2025;HZ-5606;VVO-UUS;13,00;0,08;13,33;25,00;RUB;107,00;2675,00;0,00;0,00;2797,50;24,00;24,00;122,50;0,00;0,00;DOKUMOBORUBOX;;520;;XPS;2502045954;250201001;;"ООО""АВИА-КАРГОЛогистик"""
555-79766131;02.04.2025;03.04.2025;SU-5803;VVO-SVO;742,00;2,95;491,67;742,00;RUB;160,00;118720,00;0,00;0,00;120921,80;24,00;24,00;2201,80;0,00;0,00;OBORUDTERM;;520;;XPS;2502045954;250201001;;"ООО""АВИА-КАРГОЛогистик"""
555-79766142;01.04.2025;02.04.2025;HZ-5606;VVO-UUS;92,00;0,64;106,67;107,00;RUB;107,00;11449,00;0,00;0,00;11809,30;24,00;24,00;360,30;0,00;0,00;CV-ODEZDA;;520;;GDS;2502045954;250201001;;"ООО""АВИА-КАРГОЛогистик"""
555-79766164;01.04.2025;02.04.2025;SU-1701;VVO-SVO;3,00;0,03;5,00;25,00;RUB;160,00;4000,00;0,00;0,00;4122,50;24,00;24,00;122,50;0,00;0,00;CVBIOMATERIAL;;520;;;2502045954;250201001;;"ООО""АВИА-КАРГОЛогистик"""
555-79766175;03.04.2025;04.04.2025;SU-1701;VVO-SVO;245,00;0,90;150,00;245,00;RUB;160,00;39200,00;0,00;0,00;39960,50;24,00;24,00;760,50;0,00;0,00;GOSOBORON;;520;;XPS;2502045954;250201001;;"ООО""АВИА-КАРГОЛогистик"""
555-79766186;02.04.2025;02.04.2025;SU-1705;VVO-SVO;76,00;0,50;83,33;83,50;RUB;160,00;13360,00;0,00;0,00;13652,15;24,00;24,00;292,15;0,00;0,00;KOSMETIKA;;520;;XPS;2502045954;250201001;;"ООО""АВИА-КАРГОЛогистик"""
555-79766190;02.04.2025;02.04.2025;SU-1705;VVO-SVO;96,00;0,50;83,33;96,00;RUB;160,00;15360,00;0,00;0,00;15688,40;24,00;24,00;328,40;0,00;0,00;OBORUDOVANIE;;520;;ELI;2502045954;250201001;;"ООО""АВИА-КАРГОЛогистик"""
555-79766201;02.04.2025;03.04.2025;HZ-5714;VVO-PKC;19,00;0,04;6,67;25,00;RUB;194,00;4850,00;0,00;0,00;4972,50;24,00;24,00;122,50;0,00;0,00;KRANZATVORNTR;;520;;XPS;2502045954;250201001;;"ООО""АВИА-КАРГОЛогистик"""
555-79766234;02.04.2025;02.04.2025;SU-1705;VVO-SVO;5,00;0,03;5,00;25,00;RUB;160,00;4000,00;0,00;0,00;4122,50;24,00;24,00;122,50;0,00;0,00;BIOMATERIAL;;520;;LHO;2502045954;250201001;;"ООО""АВИА-КАРГОЛогистик"""
555-79766245;05.04.2025;06.04.2025;SU-1701;VVO-SVO;550,00;4,30;716,67;717,00;RUB;160,00;114720,00;0,00;0,00;116849,30;24,00;24,00;2129,30;0,00;0,00;OBORUD;;520;;XPS;2502045954;250201001;;"ООО""АВИА-КАРГОЛогистик"""
555-79766256;07.04.2025;08.04.2025;SU-1701;VVO-SVO;582,00;2,78;463,33;582,00;RUB;160,00;93120,00;0,00;0,00;94857,80;24,00;24,00;1737,80;0,00;0,00;ODEJDAGREENL;;520;;XPS;2502045954;250201001;;"ООО""АВИА-КАРГОЛогистик"""
555-79766260;05.04.2025;06.04.2025;SU-5805;VVO-SVO;598,00;4,00;666,67;667,00;RUB;160,00;106720,00;0,00;0,00;108704,30;24,00;24,00;1984,30;0,00;0,00;OBORUD;;520;;XPS;2502045954;250201001;;"ООО""АВИА-КАРГОЛогистик"""
555-79766271;05.04.2025;06.04.2025;SU-1701;VVO-SVO;559,00;4,20;700,00;700,00;RUB;160,00;112000,00;0,00;0,00;114080,00;24,00;24,00;2080,00;0,00;0,00;OBORUD;;520;;XPS;2502045954;250201001;;"ООО""АВИА-КАРГОЛогистик"""
555-79766282;05.04.2025;06.04.2025;SU-1701;VVO-SVO;484,00;4,35;725,00;725,00;RUB;160,00;116000,00;0,00;0,00;118152,50;24,00;24,00;2152,50;0,00;0,00;OBORUD;;520;;XPS;2502045954;250201001;;"ООО""АВИА-КАРГОЛогистик"""
555-79766293;06.04.2025;07.04.2025;SU-1705;VVO-SVO;555,00;4,10;683,33;683,50;RUB;160,00;109360,00;0,00;0,00;111392,15;24,00;24,00;2032,15;0,00;0,00;OBORUD;;520;;XPS;2502045954;250201001;;"ООО""АВИА-КАРГОЛогистик"""
555-79766304;02.04.2025;04.04.2025;HZ-5616;VVO-PKC;112,00;0,30;50,00;112,00;RUB;194,00;21728,00;0,00;0,00;22102,80;24,00;24,00;374,80;0,00;0,00;LENTAMAPKE;;520;;XPS;2502045954;250201001;;"ООО""АВИА-КАРГОЛогистик"""
555-79766326;02.04.2025;04.04.2025;HZ-5616;VVO-PKC;27,00;0,11;18,33;27,00;RUB;194,00;5238,00;0,00;0,00;5366,30;24,00;24,00;128,30;0,00;0,00;PRIBORY;;520;;;2502045954;250201001;;"ООО""АВИА-КАРГОЛогистик"""
555-79766330;02.04.2025;03.04.2025;HZ-5714;VVO-PKC;25,00;0,10;16,67;25,00;RUB;194,00;4850,00;0,00;0,00;4972,50;24,00;24,00;122,50;0,00;0,00;ZAPCHASTI;;520;;;2502045954;250201001;;"ООО""АВИА-КАРГОЛогистик"""
555-79766341;03.04.2025;03.04.2025;HZ-5602;VVO-KHV;635,00;3,20;533,33;635,00;RUB;40,00;25400,00;0,00;0,00;27291,50;24,00;24,00;1891,50;0,00;0,00;MEDIZDELIIA-CV;;520;;;2502045954;250201001;;"ООО""АВИА-КАРГОЛогистик"""
555-79766352;03.04.2025;04.04.2025;SU-1701;VVO-SVO;98,00;0,25;41,67;98,00;RUB;160,00;15680,00;0,00;0,00;16014,20;24,00;24,00;334,20;0,00;0,00;OBORUDOWANIE;;520;;ELI;2502045954;250201001;;"ООО""АВИА-КАРГОЛогистик"""
555-79766363;04.04.2025;05.04.2025;FV-6252;VVO-SVO;605,00;2,77;461,67;605,00;RUB;160,00;96800,00;0,00;0,00;98604,50;24,00;24,00;1804,50;0,00;0,00;MASKIESTI;;520;;XPS;2502045954;250201001;;"ООО""АВИА-КАРГОЛогистик"""
555-79766385;03.04.2025;04.04.2025;SU-5805;VVO-SVO;874,00;6,21;1035,00;1035,00;RUB;160,00;165600,00;0,00;0,00;168651,50;24,00;24,00;3051,50;0,00;0,00;OBORUDGRIF;;520;;XPS;2502045954;250201001;;"ООО""АВИА-КАРГОЛогистик"""
555-79766396;03.04.2025;04.04.2025;SU-5803;VVO-SVO;341,00;3,17;528,33;528,50;RUB;160,00;84560,00;0,00;0,00;86142,65;24,00;24,00;1582,65;0,00;0,00;TNPBOX;;520;;EXP;2502045954;250201001;;"ООО""АВИА-КАРГОЛогистик"""
555-79766400;06.04.2025;07.04.2025;SU-5803;VVO-SVO;494,00;4,23;705,00;705,00;RUB;160,00;112800,00;0,00;0,00;114894,50;24,00;24,00;2094,50;0,00;0,00;OBORUD;;520;;XPS;2502045954;250201001;;"ООО""АВИА-КАРГОЛогистик"""
555-79766411;06.04.2025;07.04.2025;SU-1701;VVO-SVO;578,00;4,00;666,67;667,00;RUB;160,00;106720,00;0,00;0,00;108704,30;24,00;24,00;1984,30;0,00;0,00;OBORUD;;520;;XPS;2502045954;250201001;;"ООО""АВИА-КАРГОЛогистик"""
555-79766422;07.04.2025;08.04.2025;SU-1701;VVO-SVO;584,00;6,44;1073,33;1073,50;RUB;160,00;171760,00;0,00;0,00;174923,15;24,00;24,00;3163,15;0,00;0,00;TNPBOX;;520;;XPS;2502045954;250201001;;"ООО""АВИА-КАРГОЛогистик"""
555-79766433;05.04.2025;06.04.2025;HZ-5684;KHV-PKC;223,00;1,23;205,00;223,00;RUB;233,00;51959,00;0,00;0,00;52655,70;24,00;24,00;696,70;0,00;0,00;BADY;;520;;EAT;2722041218;272201001;;"ООО""АВИА-КАРГОАГЕНТ"""
555-79766444;05.04.2025;06.04.2025;HZ-5684;KHV-PKC;163,00;1,01;168,33;168,50;RUB;233,00;39260,50;0,00;0,00;39799,15;24,00;24,00;538,65;0,00;0,00;BADY;;520;;EAT;2722041218;272201001;;"ООО""АВИА-КАРГОАГЕНТ"""
555-79766455;03.04.2025;04.04.2025;SU-1701;VVO-SVO;3,00;0,03;5,00;25,00;RUB;160,00;4000,00;0,00;0,00;4122,50;24,00;24,00;122,50;0,00;0,00;CV-BIOMATERIAL;;520;;;2502045954;250201001;;"ООО""АВИА-КАРГОЛогистик"""
555-79766466;03.04.2025;04.04.2025;SU-1701;VVO-SVO;2,00;0,03;5,00;25,00;RUB;160,00;4000,00;0,00;0,00;4122,50;24,00;24,00;122,50;0,00;0,00;CV-BIOLOGICHESK;;520;;LHO;2502045954;250201001;;"ООО""АВИА-КАРГОЛогистик"""
555-79766470;05.04.2025;06.04.2025;SU-5805;VVO-SVO;471,00;4,30;716,67;717,00;RUB;160,00;114720,00;0,00;0,00;116849,30;24,00;24,00;2129,30;0,00;0,00;OBORUD;;520;;XPS;2502045954;250201001;;"ООО""АВИА-КАРГОЛогистик"""
555-79766481;04.04.2025;05.04.2025;SU-5803;VVO-SVO;477,00;3,28;546,67;547,00;RUB;160,00;87520,00;0,00;0,00;89156,30;24,00;24,00;1636,30;0,00;0,00;OBORUD;;520;;XPS;2502045954;250201001;;"ООО""АВИА-КАРГОЛогистик"""
555-79766492;04.04.2025;05.04.2025;FV-6252;VVO-SVO;490,00;3,96;660,00;660,00;RUB;160,00;105600,00;0,00;0,00;107564,00;24,00;24,00;1964,00;0,00;0,00;OBORUD;;520;;XPS;2502045954;250201001;;"ООО""АВИА-КАРГОЛогистик"""
555-79766503;04.04.2025;05.04.2025;SU-1701;VVO-SVO;775,00;7,56;1260,00;1260,00;RUB;160,00;201600,00;0,00;0,00;205304,00;24,00;24,00;3704,00;0,00;0,00;TNPBOX;;520;;XPS;2502045954;250201001;;"ООО""АВИА-КАРГОЛогистик"""
555-79766514;05.04.2025;06.04.2025;SU-5805;VVO-SVO;590,00;4,70;783,33;783,50;RUB;160,00;125360,00;0,00;0,00;127682,15;24,00;24,00;2322,15;0,00;0,00;OBORUD;;520;;XPS;2502045954;250201001;;"ООО""АВИА-КАРГОЛогистик"""
555-79766525;04.04.2025;05.04.2025;FV-6252;VVO-SVO;490,00;3,46;576,67;577,00;RUB;160,00;92320,00;0,00;0,00;94043,30;24,00;24,00;1723,30;0,00;0,00;OBORUD;;520;;XPS;2502045954;250201001;;"ООО""АВИА-КАРГОЛогистик"""
555-79766536;04.04.2025;05.04.2025;SU-1701;VVO-SVO;480,00;4,21;701,67;702,00;RUB;160,00;112320,00;0,00;0,00;114405,80;24,00;24,00;2085,80;0,00;0,00;OBORUD;;520;;XPS;2502045954;250201001;;"ООО""АВИА-КАРГОЛогистик"""
555-79766540;05.04.2025;06.04.2025;SU-1701;VVO-SVO;594,00;4,50;750,00;750,00;RUB;160,00;120000,00;0,00;0,00;122225,00;24,00;24,00;2225,00;0,00;0,00;OBORUD;;520;;XPS;2502045954;250201001;;"ООО""АВИА-КАРГОЛогистик"""
555-79766551;05.04.2025;06.04.2025;SU-1701;VVO-SVO;460,00;3,05;508,33;508,50;RUB;160,00;81360,00;0,00;0,00;82884,65;24,00;24,00;1524,65;0,00;0,00;OBORUD;;520;;XPS;2502045954;250201001;;"ООО""АВИА-КАРГОЛогистик"""
555-79766562;04.04.2025;05.04.2025;HZ-5616;VVO-PKC;40,00;0,26;43,33;43,50;RUB;194,00;8439,00;0,00;0,00;8615,15;24,00;24,00;176,15;0,00;0,00;ODEJDAUSS;;520;;XPS;2502045954;250201001;;"ООО""АВИА-КАРГОЛогистик"""
555-79766573;05.04.2025;05.04.2025;SU-1701;VVO-SVO;3,00;0,03;5,00;25,00;RUB;160,00;4000,00;0,00;0,00;4122,50;24,00;24,00;122,50;0,00;0,00;CV-BIOMATERIAL;;520;;LHO;2502045954;250201001;;"ООО""АВИА-КАРГОЛогистик"""
555-79766606;04.04.2025;05.04.2025;SU-1701;VVO-SGC;10,00;0,06;10,00;25,00;RUB;297,00;7425,00;0,00;0,00;7547,50;24,00;24,00;122,50;0,00;0,00;CV-OBORUD;SVO;520;;XPS;2502045954;250201001;;"ООО""АВИА-КАРГОЛогистик"""
555-79766610;04.04.2025;05.04.2025;SU-1701;VVO-SVO;9,00;0,01;1,67;25,00;RUB;160,00;4000,00;0,00;0,00;4122,50;24,00;24,00;122,50;0,00;0,00;CV-DOKUMENTY;;520;;;2502045954;250201001;;"ООО""АВИА-КАРГОЛогистик"""
555-79766621;05.04.2025;06.04.2025;SU-1755;VVO-SVO;1,00;0,02;3,33;25,00;RUB;160,00;4000,00;0,00;0,00;4122,50;24,00;24,00;122,50;0,00;0,00;CVBIOMATERIAL;;520;;;2502045954;250201001;;"ООО""АВИА-КАРГОЛогистик"""
555-79766632;05.04.2025;06.04.2025;SU-1755;VVO-SVO;96,00;0,65;108,33;108,50;RUB;160,00;17360,00;0,00;0,00;17724,65;24,00;24,00;364,65;0,00;0,00;CV-TNPOBORUD;;520;;;2502045954;250201001;;"ООО""АВИА-КАРГОЛогистик"""
555-79766643;06.04.2025;07.04.2025;SU-1701;VVO-SVO;550,00;4,50;750,00;750,00;RUB;160,00;120000,00;0,00;0,00;122225,00;24,00;24,00;2225,00;0,00;0,00;OBORUD;;520;;XPS;2502045954;250201001;;"ООО""АВИА-КАРГОЛогистик"""
555-79766654;06.04.2025;07.04.2025;SU-1701;VVO-SVO;578,00;4,25;708,33;708,50;RUB;160,00;113360,00;0,00;0,00;115464,65;24,00;24,00;2104,65;0,00;0,00;OBORUD;;520;;XPS;2502045954;250201001;;"ООО""АВИА-КАРГОЛогистик"""
555-79766665;05.04.2025;06.04.2025;SU-5803;VVO-SVO;26,00;0,10;16,67;26,00;RUB;160,00;4160,00;0,00;0,00;4285,40;24,00;24,00;125,40;0,00;0,00;CVDOKUMENTY;;520;;;2502045954;250201001;;"ООО""АВИА-КАРГОЛогистик"""
555-79766676;06.04.2025;07.04.2025;SU-1705;VVO-SVO;517,00;4,00;666,67;667,00;RUB;160,00;106720,00;0,00;0,00;108704,30;24,00;24,00;1984,30;0,00;0,00;OBORUD;;520;;XPS;2502045954;250201001;;"ООО""АВИА-КАРГОЛогистик"""
555-79766680;06.04.2025;07.04.2025;SU-1705;VVO-SVO;581,00;4,00;666,67;667,00;RUB;160,00;106720,00;0,00;0,00;108704,30;24,00;24,00;1984,30;0,00;0,00;OBORUD;;520;;XPS;2502045954;250201001;;"ООО""АВИА-КАРГОЛогистик"""
555-79766691;06.04.2025;07.04.2025;SU-1701;VVO-SVO;529,00;4,18;696,67;697,00;RUB;160,00;111520,00;0,00;0,00;113591,30;24,00;24,00;2071,30;0,00;0,00;OBORUD;;520;;XPS;2502045954;250201001;;"ООО""АВИА-КАРГОЛогистик"""
555-79766702;06.04.2025;07.04.2025;SU-1701;VVO-SVO;508,00;4,10;683,33;683,50;RUB;160,00;109360,00;0,00;0,00;111392,15;24,00;24,00;2032,15;0,00;0,00;OBORUD;;520;;XPS;2502045954;250201001;;"ООО""АВИА-КАРГОЛогистик"""
555-79766713;07.04.2025;08.04.2025;SU-1701;VVO-SVO;46,00;0,30;50,00;50,00;RUB;160,00;8000,00;0,00;0,00;8195,00;24,00;24,00;195,00;0,00;0,00;ZAPCHASTINM;;520;;XPS;2502045954;250201001;;"ООО""АВИА-КАРГОЛогистик"""
555-79766724;06.04.2025;07.04.2025;SU-1701;VVO-SVO;3,00;0,03;5,00;25,00;RUB;160,00;4000,00;0,00;0,00;4122,50;24,00;24,00;122,50;0,00;0,00;CVBIOMATERIALY;;520;;;2502045954;250201001;;"ООО""АВИА-КАРГОЛогистик"""
555-79766761;07.04.2025;08.04.2025;SU-1703;VVO-SVO;512,00;3,76;626,67;627,00;RUB;160,00;100320,00;0,00;0,00;102188,30;24,00;24,00;1868,30;0,00;0,00;OBORUD;;520;;XPS;2502045954;250201001;;"ООО""АВИА-КАРГОЛогистик"""
555-79766783;07.04.2025;08.04.2025;SU-1703;VVO-SVO;521,00;3,70;616,67;617,00;RUB;160,00;98720,00;0,00;0,00;100559,30;24,00;24,00;1839,30;0,00;0,00;OBORUD;;520;;XPS;2502045954;250201001;;"ООО""АВИА-КАРГОЛогистик"""
555-79766794;07.04.2025;08.04.2025;SU-5805;VVO-SVO;514,00;3,98;663,33;663,50;RUB;160,00;106160,00;0,00;0,00;108134,15;24,00;24,00;1974,15;0,00;0,00;OBORUD;;520;;XPS;2502045954;250201001;;"ООО""АВИА-КАРГОЛогистик"""
555-79766805;07.04.2025;08.04.2025;SU-5805;VVO-SVO;500,00;3,81;635,00;635,00;RUB;160,00;101600,00;0,00;0,00;103491,50;24,00;24,00;1891,50;0,00;0,00;OBORUD;;520;;XPS;2502045954;250201001;;"ООО""АВИА-КАРГОЛогистик"""
555-79766816;07.04.2025;08.04.2025;SU-5805;VVO-SVO;515,00;4,11;685,00;685,00;RUB;160,00;109600,00;0,00;0,00;111636,50;24,00;24,00;2036,50;0,00;0,00;OBORUD;;520;;XPS;2502045954;250201001;;"ООО""АВИА-КАРГОЛогистик"""
555-79766864;07.04.2025;08.04.2025;SU-1701;VVO-SVO;3,00;0,03;5,00;25,00;RUB;160,00;4000,00;0,00;0,00;4122,50;24,00;24,00;122,50;0,00;0,00;CV-BIOMATERIAL;;520;;;2502045954;250201001;;"ООО""АВИА-КАРГОЛогистик"""
555-79766960;08.04.2025;08.04.2025;SU-1715;KHV-SVO;3,00;0,03;5,00;25,00;RUB;156,00;3900,00;0,00;0,00;4022,50;24,00;24,00;122,50;0,00;0,00;BIOMATERIALY;;520;;LHO;2722041218;272201001;;"ООО""АВИА-КАРГОАГЕНТ"""
555-79767575;03.04.2025;03.04.2025;SU-1701;VVO-SVO;2,00;0,02;3,33;25,00;RUB;160,00;4000,00;0,00;0,00;4122,50;24,00;24,00;122,50;0,00;0,00;BIOMATERIAL;;520;;LHO;2502045954;250201001;;"ООО""АВИА-КАРГОЛогистик"""
555-79767822;02.04.2025;03.04.2025;HZ-5616;VVO-PKC;104,00;0,50;83,33;104,00;RUB;194,00;20176,00;0,00;0,00;20527,60;24,00;24,00;351,60;0,00;0,00;CV-OBORUDOV;;520;;XPS;2502045954;250201001;;"ООО""АВИА-КАРГОЛогистик"""
555-94592853;01.04.2025;02.04.2025;HZ-5612;KHV-GDX;72,00;0,51;85,00;85,00;RUB;222,00;18870,00;0,00;0,00;19166,50;24,00;24,00;296,50;0,00;0,00;BADI;;510;;EAT;2722041218;272201001;;"ООО""АВИА-КАРГОАГЕНТ"""
555-94592945;04.04.2025;05.04.2025;HZ-5680;VVO-UUS;0,50;0,01;1,67;25,00;RUB;95,00;2375,00;0,00;0,00;2497,50;24,00;24,00;122,50;0,00;0,00;ZAPCHASTITITO;;510;;XPS;2502045954;250201001;;"ООО""АВИА-КАРГОЛогистик"""
555-94592982;01.04.2025;02.04.2025;HZ-5684;KHV-PKC;201,00;0,78;130,00;201,00;RUB;207,00;41607,00;0,00;0,00;42239,90;24,00;24,00;632,90;0,00;0,00;BADY;;510;;EAT;2722041218;272201001;;"ООО""АВИА-КАРГОАГЕНТ"""
555-94593041;03.04.2025;04.04.2025;SU-1715;KHV-SVO;5904,00;56,32;9386,67;9387,00;RUB;138,00;1295406,00;0,00;0,00;1322678,30;24,00;24,00;27272,30;0,00;0,00;OBORUDOWANIE;;510;;ELI;2502045954;250201001;;"ООО""АВИА-КАРГОЛогистик"""
555-94593181;10.04.2025;11.04.2025;HZ-5612;KHV-GDX;67,00;0,48;80,00;80,00;RUB;222,00;17760,00;0,00;0,00;18042,00;24,00;24,00;282,00;0,00;0,00;BADY;;510;;EAT;2722041218;272201001;;"ООО""АВИА-КАРГОАГЕНТ"""
555-08530723;10.04.2025;11.04.2025;HZ-5624;KHV-UUS;156,00;0,79;131,67;156,00;RUB;79,00;12324,00;0,00;0,00;12826,40;24,00;24,00;502,40;0,00;0,00;PWHSHNUR;;100;;;2722041218;272201001;;"ООО""АВИА-КАРГОАГЕНТ"""
555-08530616;10.04.2025;11.04.2025;HZ-5624;KHV-UUS;39,00;0,36;60,00;60,00;RUB;79,00;4740,00;0,00;0,00;4964,00;24,00;24,00;224,00;0,00;0,00;STEKLO;;100;;;2722041218;272201001;;"ООО""АВИА-КАРГОАГЕНТ"""
555-08530885;10.04.2025;11.04.2025;HZ-5680;VVO-UUS;19,00;0,03;5,00;25,00;RUB;79,00;1975,00;0,00;0,00;2097,50;24,00;24,00;122,50;0,00;0,00;ZAPCHASTIFIL;;100;;;2502045954;250201001;;"ООО""АВИА-КАРГОЛогистик"""
555-08530594;10.04.2025;12.04.2025;HZ-5632;VVO-GDX;65,00;0,13;21,67;65,00;RUB;214,00;13910,00;0,00;0,00;14148,50;24,00;24,00;238,50;0,00;0,00;ZAPCHASTI;;100;;;2502045954;250201001;;"ООО""АВИА-КАРГОЛогистик"""